Model,Parameter,Value
EXP,init,1.0
EXP,lam,2.0000000298023224
GAM,k, 
GAM,t, 
POLY,a,2.7319036382108176e-11
POLY,b,-3.8067602277214971e-06
POLY,c,0.18643468581835099
